{
  "id": null,
  "title": "Hybrid Airlines Observability",
  "timezone": "browser",
  "schemaVersion": 27,
  "version": 1,
  "refresh": "10s",
  "panels": [
    {
      "type": "graph",
      "title": "CPU Usage %",
      "targets": [
        {
          "expr": "avg(rate(container_cpu_usage_seconds_total[1m])) * 100"
        }
      ],
      "id": 1
    },
    {
      "type": "graph",
      "title": "Memory Usage MB",
      "targets": [
        {
          "expr": "avg(container_memory_usage_bytes) / 1024 / 1024"
        }
      ],
      "id": 2
    },
    {
      "type": "graph",
      "title": "HTTP Requests RPS",
      "targets": [
        {
          "expr": "rate(http_requests_total[1m])"
        }
      ],
      "id": 3
    },
    {
      "type": "graph",
      "title": "Error Rate %",
      "targets": [
        {
          "expr": "rate(http_requests_total{status=~\"5..\"}[5m]) / rate(http_requests_total[5m])"
        }
      ],
      "id": 4
    },
    {
      "type": "graph",
      "title": "Latency P95",
      "targets": [
        {
          "expr": "histogram_quantile(0.95, sum(rate(http_request_duration_seconds_bucket[5m])) by (le))"
        }
      ],
      "id": 5
    },
    {
      "type": "graph",
      "title": "Latency P99",
      "targets": [
        {
          "expr": "histogram_quantile(0.99, sum(rate(http_request_duration_seconds_bucket[5m])) by (le))"
        }
      ],
      "id": 6
    }
  ]
}